﻿<?xml version="1.0" encoding="utf-8" ?>
<root>
  <node1 att1="a1" att2="a2">
    <!-- comment #1 -->
    <node2/>
  </node1>
  <node3>n3</node3>
  <node4 att4="a4"/>
  <node5>
    <node6 att5="a5" att6="a6">
      <node7/>
    </node6>
    <!-- comment #2 -->
    <node8/>
    <node9 att7="a7" att8="a8" att9="a9">n9</node9>
    <node10><![CDATA[blabla]]></node10>
  </node5>
  <hidetest>
    <testnode>parent of this is hidden (see source)</testnode>
  </hidetest>
  <linktest info="user-defined behaviour">../node5</linktest>
</root>
